strategy,budget,mean,std
random,1000,47.00666666666667,2.051763469148754
random,1500,51.27333333333333,1.2625899307904083
random,2000,51.72666666666667,0.8947252837230771
random,2500,56.22,1.7321662737739705
random,3000,57.23333333333333,0.43003875794320584
random,3500,59.080000000000005,1.814276715388256
random,4000,60.11333333333334,1.2737870046963637
random,4500,60.66,1.1048981853546511
random,5000,60.88666666666666,1.7711389932281818
uncertainty,1000,47.00666666666667,2.051763469148754
uncertainty,1500,48.126666666666665,2.2558664263057184
uncertainty,2000,51.98,1.4418044250174888
uncertainty,2500,54.88666666666666,1.0511580915035237
uncertainty,3000,58.086666666666666,1.6513428878743956
uncertainty,3500,56.626666666666665,1.3328665849714036
uncertainty,4000,58.379999999999995,0.6238589584192905
uncertainty,4500,58.199999999999996,2.0903588208726256
uncertainty,5000,58.31999999999999,4.783847823666636
