strategy,seed,budget,validation_accuracy,test_accuracy
random,42,1000,48.92,
random,42,1500,51.18,
random,42,2000,50.94,
random,42,2500,56.12,
random,42,3000,57.6,
random,42,3500,58.62,
random,42,4000,59.62,
random,42,4500,61.82,
random,42,5000,62.92,62.4
random,123,1000,44.84,
random,123,1500,50.06,
random,123,2000,51.54,
random,123,2500,54.54,
random,123,3000,56.76,
random,123,3500,57.54,
random,123,4000,59.16,
random,123,4500,60.54,
random,123,5000,60.06,58.84
random,2026,1000,47.26,
random,2026,1500,52.58,
random,2026,2000,52.7,
random,2026,2500,58.0,
random,2026,3000,57.34,
random,2026,3500,61.08,
random,2026,4000,61.56,
random,2026,4500,59.62,
random,2026,5000,59.68,57.81
uncertainty,42,1000,48.92,
uncertainty,42,1500,45.7,
uncertainty,42,2000,53.64,
uncertainty,42,2500,55.76,
uncertainty,42,3000,59.02,
uncertainty,42,3500,56.84,
uncertainty,42,4000,58.04,
uncertainty,42,4500,60.16,
uncertainty,42,5000,61.26,59.85
uncertainty,123,1000,44.84,
uncertainty,123,1500,48.52,
uncertainty,123,2000,51.04,
uncertainty,123,2500,53.72,
uncertainty,123,3000,59.06,
uncertainty,123,3500,55.2,
uncertainty,123,4000,59.1,
uncertainty,123,4500,56.0,
uncertainty,123,5000,52.8,49.51
uncertainty,2026,1000,47.26,
uncertainty,2026,1500,50.16,
uncertainty,2026,2000,51.26,
uncertainty,2026,2500,55.18,
uncertainty,2026,3000,56.18,
uncertainty,2026,3500,57.84,
uncertainty,2026,4000,58.0,
uncertainty,2026,4500,58.44,
uncertainty,2026,5000,60.9,60.7
